[
  {
    "Id": "0",
    "Name": "0.90.1",
    "DevelopmentStatus": "Stable",
    "Description": "_Applied: #15651 by NicolasBernie_\n\"Fixed directional (swipeleft, swiperight, swiperightdown...) events. For convenience, only the event that corresponds to the closest direction is triggered.\nAdded direction name in direction attribute in event data.\"\n\nGreat work. Thanks NicolasBernie.",
    "ReleasedDatge": "0001-01-01T00:00:00",
    "ModifiedDate": "2014-01-14T02:23:13.217-08:00",
    "Files": [
      {
        "Id": "752787c6-a366-4299-9b1e-b83b8cf84261",
        "FileName": "jgestures.js",
        "Url": "./0/752787c6-a366-4299-9b1e-b83b8cf84261",
        "Type": "Source Code",
        "UploadDate": "2014-01-14T02:23:10.127-08:00"
      },
      {
        "Id": "f04400d2-8e72-4f0c-8c4b-d9bd831e7b43",
        "FileName": "jgestures.min.js",
        "Url": "./0/f04400d2-8e72-4f0c-8c4b-d9bd831e7b43",
        "Type": "Source Code",
        "UploadDate": "2014-01-14T02:23:10.157-08:00"
      }
    ]
  },
  {
    "Id": "1",
    "Name": "0.9a - tilt",
    "DevelopmentStatus": "Alpha",
    "Description": "basic tilt implementation\nnew event \"tilt\"",
    "ReleasedDatge": "0001-01-01T00:00:00",
    "ModifiedDate": "2012-05-11T05:09:55.24-07:00",
    "Files": [
      {
        "Id": "c3876ca7-5c17-4b69-a0a3-0e67f180a4f7",
        "FileName": "jgestures.js",
        "Url": "./1/c3876ca7-5c17-4b69-a0a3-0e67f180a4f7",
        "Type": "Application",
        "UploadDate": "2012-05-11T05:09:12.147-07:00"
      },
      {
        "Id": "38e7d893-ea41-406d-a627-c7e865b0faf3",
        "FileName": "index.html",
        "Url": "./1/38e7d893-ea41-406d-a627-c7e865b0faf3",
        "Type": "Application",
        "UploadDate": "2012-05-11T05:09:52.693-07:00"
      }
    ]
  },
  {
    "Id": "2",
    "Name": "0.9a - shake",
    "DevelopmentStatus": "Alpha",
    "Description": "* *simple shake event*: working but not perfect (missing options, can't be split into different directions. left-right-shakes, up-down-shakes and front-back-shakes aren't distinguished at the moment)",
    "ReleasedDatge": "0001-01-01T00:00:00",
    "ModifiedDate": "2012-04-27T08:17:06.36-07:00",
    "Files": [
      {
        "Id": "4559391a-f09b-487a-b096-288d3b6fd4b4",
        "FileName": "jgestures.js",
        "Url": "./2/4559391a-f09b-487a-b096-288d3b6fd4b4",
        "Type": "Application",
        "UploadDate": "2012-04-27T08:17:04.407-07:00"
      }
    ]
  },
  {
    "Id": "3",
    "Name": "0.86",
    "DevelopmentStatus": "Stable",
    "Description": "Implemented \"control-events\":\nOn _every touchstart, touchend, gesturestart and gestureend-event_, jgestures sends a\ncustom event (_jGestures.touchstart,jGestures.touchend,jGestures.gesturestart and jGestures.gestureend_).\nThe _second argument represents the original touch event_ (yes: including all touchpoints).\nUse this, if you need very detailed control e.g. kinetic scrolling or implementing additional gestures.",
    "ReleasedDatge": "0001-01-01T00:00:00",
    "ModifiedDate": "2012-04-26T08:05:30.207-07:00",
    "Files": [
      {
        "Id": "d06b4ffa-91ae-4945-9ecc-fbb7c36c21f6",
        "FileName": "jgestures.min.js",
        "Url": "./3/d06b4ffa-91ae-4945-9ecc-fbb7c36c21f6",
        "Type": "Source Code",
        "UploadDate": "2011-08-09T08:00:58.35-07:00"
      },
      {
        "Id": "3b021bdc-8382-402f-9bf9-806e38f9e286",
        "FileName": "jgestures.js",
        "Url": "./3/3b021bdc-8382-402f-9bf9-806e38f9e286",
        "Type": "Source Code",
        "UploadDate": "2011-08-09T08:00:58.363-07:00"
      }
    ]
  },
  {
    "Id": "4",
    "Name": "0.85",
    "DevelopmentStatus": "Stable",
    "Description": "* fully implementes gesture-events such as pinch / rotate (thanks to tim coulter for requesting this feature) \n* updated the second argument's object on every event. they're using the same format now. invalid properties are present but nulled (e.g. \"rotation:null\" during a swipe or \"delta: null\"  on pinch)\n* updated the documentation\n* implemented \".direction.vector\" to indicate the rotation / scale direction\n* replaced \".moved\" with \".rotation\" / \".scale\"\nplease note that you have to update your code if your're using a previous version",
    "ReleasedDatge": "0001-01-01T00:00:00",
    "ModifiedDate": "2011-07-28T10:43:07.597-07:00",
    "Files": [
      {
        "Id": "73489f01-7149-47dc-b93c-8d76cccd8f3d",
        "FileName": "jgestures.min.js",
        "Url": "./4/73489f01-7149-47dc-b93c-8d76cccd8f3d",
        "Type": "Source Code",
        "UploadDate": "2011-07-28T10:41:21.48-07:00"
      },
      {
        "Id": "638db2cd-8607-404f-97f3-48e59c9b0b19",
        "FileName": "jgestures.js",
        "Url": "./4/638db2cd-8607-404f-97f3-48e59c9b0b19",
        "Type": "Source Code",
        "UploadDate": "2011-07-28T10:41:21.45-07:00"
      }
    ]
  },
  {
    "Id": "5",
    "Name": "0.811",
    "DevelopmentStatus": "Beta",
    "Description": "Added support for Mobile Safari. Basic functionality such as \"swipe\", \"pinch\", \"rotate\" is now available on every device running a Mobile Safari, e.g. Samsung GalaxyTab.",
    "ReleasedDatge": "0001-01-01T00:00:00",
    "ModifiedDate": "2011-04-15T03:20:34.997-07:00",
    "Files": [
      {
        "Id": "1d904b8d-13c2-41e7-aac0-20f1235b975b",
        "FileName": "jgestures.min.js",
        "Url": "./5/1d904b8d-13c2-41e7-aac0-20f1235b975b",
        "Type": "Source Code",
        "UploadDate": "2011-04-15T03:19:45.68-07:00"
      },
      {
        "Id": "7dad3c0f-0bc6-4707-9d80-0dd90b586333",
        "FileName": "index.html",
        "Url": "./5/7dad3c0f-0bc6-4707-9d80-0dd90b586333",
        "Type": "Example",
        "UploadDate": "2011-04-15T03:18:34.897-07:00"
      },
      {
        "Id": "08b2cca3-0e5a-4f89-bde2-a8b3c654f09b",
        "FileName": "jgestures.js",
        "Url": "./5/08b2cca3-0e5a-4f89-bde2-a8b3c654f09b",
        "Type": "Source Code",
        "UploadDate": "2011-04-15T03:19:17.37-07:00"
      }
    ]
  },
  {
    "Id": "6",
    "Name": "0.81",
    "DevelopmentStatus": "Beta",
    "Description": "* added event substitution for IE\n* updated index.html",
    "ReleasedDatge": "0001-01-01T00:00:00",
    "ModifiedDate": "2011-01-12T03:07:40.343-08:00",
    "Files": [
      {
        "Id": "041d5a56-21d2-428d-92e3-7f50e879c3d0",
        "FileName": "jgestures.min.js",
        "Url": "./6/041d5a56-21d2-428d-92e3-7f50e879c3d0",
        "Type": "Source Code",
        "UploadDate": "2011-01-12T02:58:36.727-08:00"
      },
      {
        "Id": "aab44dd2-64b8-43f8-a9a0-72e232d11bc8",
        "FileName": "jgestures.js",
        "Url": "./6/aab44dd2-64b8-43f8-a9a0-72e232d11bc8",
        "Type": "Source Code",
        "UploadDate": "2011-01-12T02:58:36.743-08:00"
      },
      {
        "Id": "9af04e76-ce61-4a39-b034-fc63560d80a3",
        "FileName": "index.html",
        "Url": "./6/9af04e76-ce61-4a39-b034-fc63560d80a3",
        "Type": "Example",
        "UploadDate": "2011-01-12T03:07:40.327-08:00"
      }
    ]
  },
  {
    "Id": "7",
    "Name": "0.8",
    "DevelopmentStatus": "Beta",
    "Description": "*jGestures: a jQuery plugin for gesture events* \n*Copyright 2010, Neue Digitale / Razorfish GmbH*\n\nLicensed under the Apache License, Version 2.0 (the \"License\"); \nyou may not use this file except in compliance with the License. \nYou may obtain a copy of the License at http://www.apache.org/licenses/LICENSE-2.0 \nUnless required by applicable law or agreed to in writing, software \ndistributed under the License is distributed on an \"AS IS\" BASIS, \nWITHOUT WARRANTIES OR CONDITIONS OF ANY KIND, either express or implied. \nSee the License for the specific language governing permissions and \nlimitations under the License. \n\n*Version*\n     0.8\n\n*Requires*\njQuery JavaScript Library v1.4.2 - http://jquery.com/\n \tCopyright 2010, John Resig\n \tDual licensed under the MIT or GPL Version 2 licenses.\n \thttp://jquery.org/license\n\n*Example*\n \tjQuery('#swipe').bind('swipeone',eventHandler);",
    "ReleasedDatge": "0001-01-01T00:00:00",
    "ModifiedDate": "2010-10-14T03:55:36.353-07:00",
    "Files": [
      {
        "Id": "07b13c48-e128-423f-810f-4270b157e191",
        "FileName": "jgestures.min.js",
        "Url": "./7/07b13c48-e128-423f-810f-4270b157e191",
        "Type": "Source Code",
        "UploadDate": "2010-10-14T03:55:36.307-07:00"
      },
      {
        "Id": "a858d2d2-6cff-4ca0-a110-3e8d75b03544",
        "FileName": "jgestures.js",
        "Url": "./7/a858d2d2-6cff-4ca0-a110-3e8d75b03544",
        "Type": "Source Code",
        "UploadDate": "2010-10-14T03:55:36.307-07:00"
      },
      {
        "Id": "65142c41-7087-42f4-8ea0-fb952992f14a",
        "FileName": "index.html",
        "Url": "./7/65142c41-7087-42f4-8ea0-fb952992f14a",
        "Type": "Example",
        "UploadDate": "2010-10-14T03:55:36.32-07:00"
      }
    ]
  },
  {
    "Id": "8",
    "Name": "0.91 - tilt",
    "DevelopmentStatus": "Planning",
    "Description": "Implements gyroscope and  raw accelerometer events (iPad2+ / iPhone4+ and available in iOS 4.2 and later.)\n* tilt (LR/FB)",
    "ReleasedDatge": "0001-01-01T00:00:00",
    "ModifiedDate": "2012-05-03T01:49:09.947-07:00",
    "Files": []
  },
  {
    "Id": "9",
    "Name": "0.92 - wiggle",
    "DevelopmentStatus": "Planning",
    "Description": "Implements gyroscope and  raw accelerometer events (iPad2+ / iPhone4+ and available in iOS 4.2 and later.)\n* wiggle (LR/FB)",
    "ReleasedDatge": "0001-01-01T00:00:00",
    "ModifiedDate": "2012-05-03T01:49:57.297-07:00",
    "Files": []
  },
  {
    "Id": "10",
    "Name": "0.90 - shake",
    "DevelopmentStatus": "Stable",
    "Description": "! Motion events:\n A \"motion event\" is an interpretation of changes in space, e.g. a \"shaking motion\"\n consists of a specified number of acceleration changes in a given interval.\n \nFor understanding \"directions\", place your mobile device on a table with the bottom\n(home button) close to you:\n* x-axis: horizontal left / right\n* y-axis: horizontal front / back (through the home button)\n* z-axis: vertical through your device\n \n_Note:_ Devicemotion / deviceorientation don't send custom event (such as: jGestures.touchstart).\n_Note:_ Devicemotion should be bound on the \"window-element\" - because the whole device moves\n\n!! New Events\n *'shake'*\n \t\tIs triggered when a shaking motion is detected\n \t_obj.description:_\n \t\tshake:leftright:x-axis:frontback:y-axis:updown:z-axis\n \n*'shakefrontback'*\n \t\tIs triggered when a shaking motion is detected and the gesture can be interpreted as a mainly front-back movement.\n \t_obj.description:_\n \t\tshakefrontback:frontback:y-axis:\n \n*'shakeleftright'*\n \t\tIs triggered when a shaking motion is detected and the gesture can be interpreted as a mainly left-right movement.\n \t_obj.description:_\n \t\tshakeleftright:leftright:x-axis\n \n*'shakeupdown'*\n \t\tIs triggered when a shaking motion is detected and the gesture can be interpreted as a mainly up-down movement.\n  \t_obj.description:_\n \t\tshakeupdown:updown:z-axis\n \n!! New options\nthresholdShake =  {\n\trequiredShakes : 10, // required motions \n\tfreezeShakes: 100, // cool down after an event - normal users won't stop the motion immediately\n\tfrontback : {\n\t\tsensitivity: 10  // lower number to increase sensitivity\n\t },\n\tleftright : {\n\t\tsensitivity: 10 // lower number to increase sensitivity\n\t},\n\tupdown : {\n\t\tsensitivity: 10 // lower number to increase sensitivity\n\t}\n};",
    "ReleasedDatge": "0001-01-01T00:00:00",
    "ModifiedDate": "2012-05-07T09:33:27.78-07:00",
    "Files": [
      {
        "Id": "2f2a4cbe-d23c-401f-b7c7-275f87de9992",
        "FileName": "jgestures.js",
        "Url": "./10/2f2a4cbe-d23c-401f-b7c7-275f87de9992",
        "Type": "Application",
        "UploadDate": "2012-05-07T09:29:18.987-07:00"
      },
      {
        "Id": "fe5cad95-2c9c-4e68-bd84-9f28ef040bd6",
        "FileName": "jgestures.min.js",
        "Url": "./10/fe5cad95-2c9c-4e68-bd84-9f28ef040bd6",
        "Type": "Application",
        "UploadDate": "2012-05-07T09:29:19.017-07:00"
      },
      {
        "Id": "befe7558-0474-495f-93ed-40a084bd4ee2",
        "FileName": "index.html",
        "Url": "./10/befe7558-0474-495f-93ed-40a084bd4ee2",
        "Type": "Example",
        "UploadDate": "2012-05-07T09:29:19.017-07:00"
      },
      {
        "Id": "58c83b04-b647-4eb6-b24d-e3a5e379e66e",
        "FileName": "LICENSE",
        "Url": "./10/58c83b04-b647-4eb6-b24d-e3a5e379e66e",
        "Type": "Documentation",
        "UploadDate": "2012-05-07T09:29:19.047-07:00"
      }
    ]
  },
  {
    "Id": "11",
    "Name": "0.87",
    "DevelopmentStatus": "Stable",
    "Description": "0.87: \n- moved constants from the global $.object to the jGestures-object\n- added two new jgesture events \"gesture processed\" and \"touch processed\" that are triggered after the event was processed.\n- changed the custom jgesture.event structure. you can set your own events instead of using the generic - e.g. 'jGesture.touchstart\" - events",
    "ReleasedDatge": "0001-01-01T00:00:00",
    "ModifiedDate": "2012-04-26T08:05:15.113-07:00",
    "Files": [
      {
        "Id": "e68ec387-906b-4d29-981a-b2e8281caee7",
        "FileName": "jgestures.min.js",
        "Url": "./11/e68ec387-906b-4d29-981a-b2e8281caee7",
        "Type": "Source Code",
        "UploadDate": "2011-10-17T10:24:19.36-07:00"
      },
      {
        "Id": "2e4df054-70e1-4de3-b51a-845b50c6a0cf",
        "FileName": "jgestures.js",
        "Url": "./11/2e4df054-70e1-4de3-b51a-845b50c6a0cf",
        "Type": "Source Code",
        "UploadDate": "2011-10-17T10:24:19.407-07:00"
      },
      {
        "Id": "c3879957-4ddc-451e-b30f-37c1b8f1021e",
        "FileName": "LICENSE",
        "Url": "./11/c3879957-4ddc-451e-b30f-37c1b8f1021e",
        "Type": "Documentation",
        "UploadDate": "2012-04-26T07:52:01.677-07:00"
      }
    ]
  }
]