{
  "WorkItem": {
    "AffectedComponent": {
      "Name": "",
      "DisplayName": ""
    },
    "ClosedComment": "",
    "ClosedDate": null,
    "CommentCount": 0,
    "Custom": null,
    "Description": "can't just bind one of swipe events. Need to bind @swipeone@ event first!\n\nNOT work\njQuery('#p').bind('swiperight',log);\n\n\nwork\njQuery('#p').bind('swipeone',log);\njQuery('#p').bind('swiperight',log);",
    "LastUpdatedDate": "2014-01-04T05:41:31.563-08:00",
    "PlannedForRelease": "",
    "ReleaseVisibleToPublic": false,
    "Priority": {
      "Name": "Low",
      "Severity": 50,
      "Id": 1
    },
    "ProjectName": "jGestures",
    "ReportedDate": "2013-02-04T23:56:26.07-08:00",
    "Status": {
      "Name": "Proposed",
      "Id": 1
    },
    "ReasonClosed": {
      "Name": "Unassigned"
    },
    "Summary": "Needs to bind unnecessary events.",
    "Type": {
      "Name": "Issue",
      "Id": 3
    },
    "VoteCount": 4,
    "Id": 894
  },
  "FileAttachments": [],
  "Comments": [
    {
      "Message": "I've actually run into the same problem. It appears that swiperight and swipeleft simply don't work. I wasn't able to use the workaround that SerzN1 tried (putting a swipeone event listener in the code before the swipeleft and swiperight ones) so I ended up writing my own equation to determine the direction of the swipe inside the swipeone event handler.\r\n\r\nIn any case, I don't know that this bug should be considered of Low impact. My guess is that swipeleft and swiperight are among the most used event handlers in this plugin's repertoire. If I get some time, I'll try to see what's going wrong in there. Cheers.",
      "PostedDate": "2013-03-14T00:31:54.79-07:00",
      "Id": -2147483648
    },
    {
      "Message": "",
      "PostedDate": "2013-03-14T00:32:03.82-07:00",
      "Id": -2147483648
    },
    {
      "Message": "",
      "PostedDate": "2013-03-26T05:47:02.92-07:00",
      "Id": -2147483648
    },
    {
      "Message": "Same thing here - swiperight and swipeleft never fire, only swiperightup and swiperightdown etc. For me binding swipeone didn't help either. I tried to hack the treshold for allowing more vertical movement (it seems to only accept zero pixels??), but for some reason I couldn't get it working.\r\n\r\nI definitely agree that this can't be considered low impact.\r\n\r\n",
      "PostedDate": "2013-03-26T05:54:03.787-07:00",
      "Id": -2147483648
    },
    {
      "Message": "",
      "PostedDate": "2014-01-04T05:26:54.9-08:00",
      "Id": -2147483648
    },
    {
      "Message": "This is obviously a bug to me. I modified the script (0.90 version) to make swiperight and friends to work the way that seems the simplest to me : only the closest of the 8 directions is triggered. For example, swiping up will trigger swipeup, even if it's slightly on the left or on the right. If you expect swipeup but you swipe up left (or close to left up), swipe up won't trigger.\r\n\r\nI also added the name attribute (left, rigntdown) in the direction data for convenience.\r\n\r\nCheck out [http://pastebin.com/yY0G3B6R](http://www.example.com)",
      "PostedDate": "2014-01-04T05:40:04.93-08:00",
      "Id": -2147483648
    },
    {
      "Message": "Fixed link : [http://pastebin.com/yY0G3B6R](http://pastebin.com/yY0G3B6R)",
      "PostedDate": "2014-01-04T05:41:31.563-08:00",
      "Id": -2147483648
    }
  ]
}