[
  {
    "Id": "831275",
    "ThreadId": "354289",
    "Html": "\r\n<p>just downloaded and tried on my project, worked out of box on iPad for pinchopen/close</p>\r\n<p>however, preventDefault did no work, thus iPad does additional 'pinching' on top of my event handler</p>\r\n",
    "PostedDate": "2012-05-02T12:11:35.193-07:00",
    "UserRole": null,
    "MarkedAsAnswerDate": null
  },
  {
    "Id": "833328",
    "ThreadId": "354289",
    "Html": "<p>Try disabling the touchmove-event on the body-element,</p>\r\n<p>something like:</p>\r\n<pre id=\"line46\">\t&lt;<span class=\"start-tag\">script</span>&gt;\r\n \t\tfunction disable(e_) {\r\n\t\t\t\te_.preventDefault() ;\r\n\t&lt;/<span class=\"end-tag\">script</span>&gt;\r\n\r\n</pre>\r\n<pre id=\"line195\">\t&lt;/<span class=\"end-tag\">head</span>&gt;\r\n\t&lt;<span class=\"start-tag\">body</span><span class=\"attribute-name\"> ontouchmove</span>=<span class=\"attribute-value\">\"disable(event);\" </span>&gt;</pre>",
    "PostedDate": "2012-05-08T02:23:47.697-07:00",
    "UserRole": null,
    "MarkedAsAnswerDate": null
  }
]