[
  {
    "Id": "831277",
    "ThreadId": "354291",
    "Html": "\r\n<p>just tried pinchopen/close, works on iPad but not on the Tab:(</p>\r\n",
    "PostedDate": "2012-05-02T12:13:37.023-07:00",
    "UserRole": null,
    "MarkedAsAnswerDate": null
  },
  {
    "Id": "833327",
    "ThreadId": "354291",
    "Html": "<p>Hey, which user agent did you use on your galaxy tab?</p>",
    "PostedDate": "2012-05-08T02:21:11.17-07:00",
    "UserRole": null,
    "MarkedAsAnswerDate": null
  },
  {
    "Id": "847359",
    "ThreadId": "354291",
    "Html": "<p>I also got a problem with my android 10.1 tablet. no gestures are checked.</p>\r\n<p><span>Mozilla/5.0 (Android; Linux armv7l; rv:2.1) Gecko/20110318 Firefox/4.0b13pre Fennec/4.0</span></p>",
    "PostedDate": "2012-06-11T02:56:25.583-07:00",
    "UserRole": null,
    "MarkedAsAnswerDate": null
  }
]