[
  {
    "Id": "834813",
    "ThreadId": "355370",
    "Html": "\r\n<p>Hi!</p>\r\n<p>First - great library!&nbsp; I am able to get the left and right swiping to work on the iPad without issues.&nbsp; The 2 finger scrolling of my DIV content works.&nbsp;</p>\r\n<p>&nbsp;</p>\r\n<p>I am having trouble with the pinch.&nbsp; My code for the pinch works (zoom the DIV with css), but at times, the whole screen moves.&nbsp; I tried to disable the touchmove on the body, but that prevents the 2 finger scrolling.&nbsp;</p>\r\n<p>&nbsp;</p>\r\n<p>Any suggestions on how to prevent the screen movement during the pinch?&nbsp; It's like the pinch is bubbling up and handled in addition to my event handler.</p>\r\n<p>Thanks in advance!</p>\r\n<p><span style=\"font-size:x-small\"><span style=\"font-size:x-small\">&nbsp;</span></span></p>\r\n<p>Craig</p>\r\n",
    "PostedDate": "2012-05-10T13:46:48-07:00",
    "UserRole": null,
    "MarkedAsAnswerDate": null
  },
  {
    "Id": "839687",
    "ThreadId": "355370",
    "Html": "<p>Craig,</p>\r\n<p>&nbsp;</p>\r\n<p>I'm planning to use this plugin for this exact application. (almost - I will be re-scaling an html5 canvas.)</p>\r\n<p>Have you found a solution to this problem yet?&nbsp;If not, I would be happy to collaborate with you...&nbsp;</p>\r\n<p>&nbsp;</p>\r\n<p>How have you implemented pinch-to-zoom? are you using jquery's .css()?</p>\r\n<p>&nbsp;</p>\r\n<p>-Adam</p>",
    "PostedDate": "2012-05-22T18:19:33.607-07:00",
    "UserRole": null,
    "MarkedAsAnswerDate": null
  },
  {
    "Id": "839688",
    "ThreadId": "355370",
    "Html": "\r\n<p>Accidental re-post. There's no way to delete errant comments on this forum.</p>\r\n",
    "PostedDate": "2012-05-22T18:19:53.17-07:00",
    "UserRole": null,
    "MarkedAsAnswerDate": null
  },
  {
    "Id": "840931",
    "ThreadId": "355370",
    "Html": "<p>Hey Craig,</p>\r\n<p>you're right: the event bubbles and your are seeing the default behaviour.</p>\r\n<p>There's more than one solution:</p>\r\n<p>- try to prevent the default behaviour</p>\r\n<p>- use the jgesture control events</p>\r\n<ul>\r\n<li>jGestures.touchstart</li>\r\n<li>jGestures.touchend;start</li>\r\n<li>jGestures.touchend;processed</li>\r\n<li>jGestures.gesturestart</li>\r\n<li>jGestures.gestureend;start</li>\r\n<li>jGestures.gestureend;processed</li>\r\n</ul>\r\n<p>to disable the touchmove on the body event during a pinch motion</p>\r\n<p>- use the meta-tag and disable user-scaling (\"&lt;meta name=\"viewport\" content=\"width=device-width, user-scalable=0\"&gt;\")</p>\r\n<p>&nbsp;</p>\r\n<p>Cheers,</p>\r\n<p>Martin</p>",
    "PostedDate": "2012-05-25T06:57:05.38-07:00",
    "UserRole": null,
    "MarkedAsAnswerDate": null
  },
  {
    "Id": "842054",
    "ThreadId": "355370",
    "Html": "<p>@anarnold,</p>\r\n<p>Yes, I am using jQuery to change the CSS zoom value as the pinch adjusts.&nbsp; I use the scale value of the jGesture and adjust the current zoom with that value.&nbsp; It works really well.</p>\r\n<p>&nbsp;</p>\r\n<p>@Martin,</p>\r\n<p>I will try what you suggested and post the results.&nbsp; Thank you getting back!&nbsp; Is there any sample code that shows me how to get the x,y position of each finger during a swipe event?&nbsp; Since I have the pinch working, I was thinking of using the 2 finger scroll to move the DIV area myself.&nbsp; Thanks!</p>\r\n<p>&nbsp;</p>\r\n<p>Craig</p>",
    "PostedDate": "2012-05-29T06:41:20.293-07:00",
    "UserRole": null,
    "MarkedAsAnswerDate": null
  },
  {
    "Id": "842192",
    "ThreadId": "355370",
    "Html": "<p>Martin,</p>\r\n<p>&nbsp;</p>\r\n<p>No luck.&nbsp; The code already had the meta-tag with the user-scalable=0... done for the iPad.&nbsp; If I set the body to prevent the default behavior, I don't get the move event for my inner DIV.&nbsp; I am not sure what you mean by handling the events to prevent the bubble up.&nbsp; Could you explain?</p>\r\n<p>&nbsp;</p>\r\n<p>Here is what I would like:&nbsp; Inside the body, I have a DIV area that shows a report.&nbsp; The report is bigger than the DIV, so the user will need to scroll to any area.&nbsp; I use the left and right swipe to navigate between pages.&nbsp; They work great.&nbsp; I can get the zoom to work, but only if I prevent the default behavior for the move event on the body element, but this prevents the move event on the inner DIV.&nbsp; I am very close to getting this to work.&nbsp; Thank you for your help!</p>\r\n<p>&nbsp;</p>\r\n<p>Craig</p>",
    "PostedDate": "2012-05-29T10:51:32.683-07:00",
    "UserRole": null,
    "MarkedAsAnswerDate": null
  },
  {
    "Id": "842260",
    "ThreadId": "355370",
    "Html": "<p>I have it down to where I prevent the Body from being affected with the zoom of the inner DIV by binding the body to the gesturestart and gestureend events (they return false).&nbsp; Doing this, I also get the swipemove event on the DIV within the body.&nbsp; Here's where I am stuck.&nbsp; I will have to handle my own scrolling of the DIV's inner content.&nbsp; I am not clear on what value(s) I should use to scroll the inner DIV's content with (adjust the left and top).&nbsp; I would like to use the jQuery .css( { \"left\": ... method, but I don't know what values of the object parameter to use.&nbsp; If someone could help me with this - the pinch and scroll will work!&nbsp; Sample code would be great.</p>\r\n<p>&nbsp;</p>\r\n<p>Thanks in advance!</p>",
    "PostedDate": "2012-05-29T13:19:46.603-07:00",
    "UserRole": null,
    "MarkedAsAnswerDate": null
  },
  {
    "Id": "889864",
    "ThreadId": "355370",
    "Html": "\r\n<blockquote style=\"border:solid .1em #ccc; font-style:italic; margin:.25em 1em 0 1em; padding:0 .25em 0 .25em\">\r\n<strong>cbuck12000 wrote:</strong>\r\n<p>I will try what you suggested and post the results.&nbsp; Thank you getting back!&nbsp; Is there any sample code that shows me how to get the x,y position of each finger during a swipe event?&nbsp; Since I have the pinch working, I was thinking of using\r\n the 2 finger scroll to move the DIV area myself.&nbsp; Thanks!</p>\r\n<p>&nbsp;</p>\r\n<p>Craig</p>\r\n</blockquote>\r\n<p>I'm also trying to get the XY position of each finger during the pinch. I was able to get one of them (<a href=\"http://stackoverflow.com/questions/10028500/how-to-get-the-x-y-on-pinchopen-and-pinclose-events-in-jgesture-jquery-library\">http://stackoverflow.com/questions/10028500/how-to-get-the-x-y-on-pinchopen-and-pinclose-events-in-jgesture-jquery-library</a>)\r\n but not both. If you watch the touchstart events, you can see the same finger being fired twice, instead of the location of both fingers. Any example or solution would be extremely helpful!</p>\r\n<p>shekhar</p>\r\n",
    "PostedDate": "2012-07-24T11:21:08.647-07:00",
    "UserRole": null,
    "MarkedAsAnswerDate": null
  }
]