[
  {
    "Id": "844344",
    "ThreadId": "358227",
    "Html": "\r\n<p>I have an acer icona w500 running Windows 7 and we're trying to create a multi-touch website that will run on said tablet.</p>\r\n<p>Has anyone found a user agent / browser that will work with multi-touch on Windows 7?&nbsp;</p>\r\n<p>Is there a list somewhere that has operating systems and user agents / browsers where jGesture or HTML5 multi gesture will work in general?</p>\r\n<p>Anyone have luck with Linux or Windows 8?</p>\r\n<p>Any help would be greatly appreciated.</p>\r\n",
    "PostedDate": "2012-06-04T05:26:32.027-07:00",
    "UserRole": null,
    "MarkedAsAnswerDate": null
  }
]