[
  {
    "Id": "1063441",
    "ThreadId": "448780",
    "Html": "Hi ,\r<br />\n<br />\n  I was looking for rotate action and i got this, and i tried to use the rotate option of jguestures. but nothing worked for me. this is how i tried to use<br />\n<pre><code>        $('#image').bind('rotate',function(){\n\n        x+=5;\n        alert(x);\n        $('#moveimage').animate({\n                          'marginTop' : &quot;-=x&quot;\n                    });\n    });\n</code></pre>\n\nwhat's the mistake i am doing?. <br />\n",
    "PostedDate": "2013-07-01T23:15:32.06-07:00",
    "UserRole": null,
    "MarkedAsAnswerDate": null
  }
]