[
  {
    "Id": "1103554",
    "ThreadId": "461133",
    "Html": "I am writing a phonegap Android app.<br />\nI have 3 divs:<br />\n<ol>\n<li>DIV1 contains standard html (&lt;p&gt;, &lt;span&gt; etc.) and uses the full height of the screen. When content in this div overflows, one can scroll up or down simply by swiping the screen.</li>\n<li>DIV2 is 150px high and is fixed to the top of the screen. This is the DIV which reacts to a jGesture swipe up or down. It is transparent. For example, I am using</li>\n</ol>\n<pre><code>jQuery('#swipe').bind('swipedown',swipeDownTest);</code></pre>\n\n<ol>\n<li>\nDIV3 is inside DIV2 and is a 70px high menu bar which slides down on swipedown, swipeleftdown or swiperightdown. It slides back up on swipeup, swipeleftup or swiperightup. I am using CSS transition to move the menu bar down and up.<br />\n</li>\n</ol>\nIt works great but I have one issue. When I swipe in DIV2 to call the menu down (swipeDownTest) or up (swipeUpTest), the content of DIV1 also scrolls. This makes sense as I am swiping over both DIVs at the same time.<br />\n<br />\nIs there a way to only scroll DIV1 below 150px?<br />\n<br />\nI have tried using <br />\n<pre><code>document.body.addEventListener('touchmove', function(e) {\ne.preventDefault();\n}, false);</code></pre>\n\nin the function which brings the menu down but this is too late. I just want DIV1 not to scroll when I call the menu functions. When the menu is hidden, I am happy for DIV1 to scroll.<br />\n<br />\nIs there an easier way to do what I am doing?<br />\n",
    "PostedDate": "2013-10-04T02:49:35.09-07:00",
    "UserRole": null,
    "MarkedAsAnswerDate": null
  },
  {
    "Id": "1104032",
    "ThreadId": "461133",
    "Html": "You can do that through CSS. Nothing special needs to be done for gestures. You class for the inner div that you want to scroll needs the following.\r<br />\n<br />\nposition: absolute\r<br />\noverflow-y: auto\r<br />\noverflow-x: hidden\r<br />\n<br />\nThat's why I do on feedsanywhere.com so the menus will scroll correctly on a small phone screen.  Good luck.<br />\n",
    "PostedDate": "2013-10-05T11:31:40.32-07:00",
    "UserRole": null,
    "MarkedAsAnswerDate": null
  }
]