[
  {
    "Title": "Home",
    "Id": "570010",
    "ParentWikiTitle": "Home",
    "FileExtension": "codeplexwiki",
    "UpdatedDate": "2012-05-07T09:34:16.407-07:00",
    "FileAttachments": []
  },
  {
    "Title": "Documentation",
    "Id": "570008",
    "ParentWikiTitle": "Documentation",
    "FileExtension": "html",
    "UpdatedDate": "2012-05-07T09:32:40.153-07:00",
    "FileAttachments": []
  },
  {
    "Title": "plugins",
    "Id": "564280",
    "ParentWikiTitle": "Home",
    "FileExtension": "codeplexwiki",
    "UpdatedDate": "2012-04-26T08:10:59.32-07:00",
    "FileAttachments": []
  }
]
