[
  {
    "Id": 718,
    "Title": "Swipeleft, swiperight events triggered multiple times"
  },
  {
    "Id": 719,
    "Title": "test different android browsers, create chart"
  },
  {
    "Id": 728,
    "Title": "swipe and pinch both fired"
  },
  {
    "Id": 731,
    "Title": "Long Hold"
  },
  {
    "Id": 733,
    "Title": "tapstart & tapend"
  },
  {
    "Id": 736,
    "Title": "Android Device + Webkit"
  },
  {
    "Id": 783,
    "Title": "wrong event.target"
  },
  {
    "Id": 837,
    "Title": "How to know pinch direction?"
  },
  {
    "Id": 852,
    "Title": "animate scrollTop stops workin"
  },
  {
    "Id": 866,
    "Title": "Swipe sensibility range"
  },
  {
    "Id": 894,
    "Title": "Needs to bind unnecessary events."
  },
  {
    "Id": 1078,
    "Title": "mouseout bug"
  }
]