{
  "WorkItem": {
    "AffectedComponent": {
      "Name": "",
      "DisplayName": ""
    },
    "ClosedComment": "",
    "ClosedDate": null,
    "CommentCount": 0,
    "Custom": null,
    "Description": "Hi, I'm having some issue with swipes events.\nI think the problem is inside the _onTouchend() function on the _sType switch.\n\nHere your code:\n_oDetails.type = [\n\t'swipe',\n\t((_oDetails.delta[0].lastX != 0) ? ((_oDetails.delta[0].lastX > 0) ? 'right' : 'left') : ''),\n\t((_oDetails.delta[0].lastY != 0) ? ((_oDetails.delta[0].lastY > 0) ? 'down' : 'up') :'')].join('');\n\nHere my testing code:\n_oDetails.type = [\n\t'swipe',\n\t(_oDetails.delta[0].lastX > 20 ? 'right' : (_oDetails.delta[0].lastX < -20 ? 'left' : '')),\n\t(_oDetails.delta[0].lastY > 20 ? 'down' : (_oDetails.delta[0].lastY < -20 ? 'up' : ''))].join('');\n\nbecause in a real world application it's very hard move a finger just left, right, top or bottom.\nSo it's very difficult to trigger events like swipeleft, swiperight, swipeup or swipedown, but is more probable to trigger the equivalent swipeleft(up|down), swiperight(up|down) etc...\n\nWhat do you think about?",
    "LastUpdatedDate": "2013-02-21T17:36:38.92-08:00",
    "PlannedForRelease": "",
    "ReleaseVisibleToPublic": false,
    "Priority": {
      "Name": "Low",
      "Severity": 50,
      "Id": 1
    },
    "ProjectName": "jGestures",
    "ReportedDate": "2012-11-14T14:33:31.29-08:00",
    "Status": {
      "Name": "Proposed",
      "Id": 1
    },
    "ReasonClosed": {
      "Name": "Unassigned"
    },
    "Summary": "Swipe sensibility range",
    "Type": {
      "Name": "Issue",
      "Id": 3
    },
    "VoteCount": 2,
    "Id": 866
  },
  "FileAttachments": [],
  "Comments": [
    {
      "Message": "Here there is a more accurate fix:\r\n\r\ncase 'swipeup':\ncase 'swiperightup':\ncase 'swiperight':\ncase 'swiperightdown':\ncase 'swipedown':\ncase 'swipeleftdown':\ncase 'swipeleft':\ncase 'swipeleftup':\n\tif ( _bHasTouches && _bHasMoved === true && _bHasSwipeGesture===true) {\n\t\t_bIsSwipe = true;\n\t\t/* My alternative solution */\n\t\tvar tollerance = 0.2,\n\t\t\tlastX = _oDetails.delta[0].lastX,\n\t\t\tlastY = _oDetails.delta[0].lastY,\n\t\t\tabsLastX = Math.abs(lastX),\n\t\t\tabsLastY = Math.abs(lastY);\n\t\t\t\t\t\t\n\t\t_oDetails.type = 'swipe'+\n\t\t\t(absLastX/absLastY > tollerance ? (lastX < 0 ? 'left' : 'right') : '')+\n\t\t\t(absLastY/absLastX > tollerance ? (lastY < 0 ? 'up' : 'down') : '');\n\t\tif (_sType == _oDetails.type)\n\t\t\t_$element.triggerHandler(_oDetails.type, _oDetails);\n\t\t/*** MIA MODIFICA ***/\n\t}",
      "PostedDate": "2012-11-14T16:41:58.857-08:00",
      "Id": -2147483648
    },
    {
      "Message": "",
      "PostedDate": "2013-02-19T12:36:17.96-08:00",
      "Id": -2147483648
    },
    {
      "Message": "",
      "PostedDate": "2013-02-21T17:36:38.92-08:00",
      "Id": -2147483648
    }
  ]
}