{
  "WorkItem": {
    "AffectedComponent": {
      "Name": "",
      "DisplayName": ""
    },
    "ClosedComment": "",
    "ClosedDate": null,
    "CommentCount": 0,
    "Custom": null,
    "Description": "Hi guys,\n\nwhen a jgestures event is triggered, all animate scrollTop or scrollTo (specific plugin) stop working.\nI tried to unbind the event while doing the scrolltop and then re-bind it, but it does not work.\n\nIs there a solution ?\n\nThanks a million",
    "LastUpdatedDate": "2013-02-21T17:36:39.107-08:00",
    "PlannedForRelease": "",
    "ReleaseVisibleToPublic": false,
    "Priority": {
      "Name": "Low",
      "Severity": 50,
      "Id": 1
    },
    "ProjectName": "jGestures",
    "ReportedDate": "2012-10-28T11:11:01.49-07:00",
    "Status": {
      "Name": "Proposed",
      "Id": 1
    },
    "ReasonClosed": {
      "Name": "Unassigned"
    },
    "Summary": "animate scrollTop stops workin",
    "Type": {
      "Name": "Issue",
      "Id": 3
    },
    "VoteCount": 1,
    "Id": 852
  },
  "FileAttachments": [],
  "Comments": []
}