{
  "WorkItem": {
    "AffectedComponent": {
      "Name": "",
      "DisplayName": ""
    },
    "ClosedComment": "",
    "ClosedDate": null,
    "CommentCount": 0,
    "Custom": null,
    "Description": "such as chrome,when I drugs the mouse  out of current window, and then mouse point come in, the \"swipemove\" event is continuely triggered.",
    "LastUpdatedDate": "2013-09-30T18:53:02.113-07:00",
    "PlannedForRelease": "",
    "ReleaseVisibleToPublic": false,
    "Priority": {
      "Name": "Unassigned",
      "Severity": 0,
      "Id": 0
    },
    "ProjectName": "jGestures",
    "ReportedDate": "2013-09-30T18:53:02.113-07:00",
    "Status": {
      "Name": "Proposed",
      "Id": 1
    },
    "ReasonClosed": {
      "Name": "Unassigned"
    },
    "Summary": "mouseout bug",
    "Type": {
      "Name": "Unassigned",
      "Id": 5
    },
    "VoteCount": 1,
    "Id": 1078
  },
  "FileAttachments": [],
  "Comments": []
}