{
  "WorkItem": {
    "AffectedComponent": {
      "Name": "",
      "DisplayName": ""
    },
    "ClosedComment": "",
    "ClosedDate": null,
    "CommentCount": 0,
    "Custom": null,
    "Description": "default browser, Dolphin HD, Opera, Skyfire, Firefox, and Maxthon.\n---\nI have swipe actions working and pinch is working on an iPhone, but it isn't working on my Motorola Atrix running Android 2.3.  I'm trying to get access to a different Android phone to try, but haven't been able to yet.  Are there any Android phones\n that have been tested with pinch?  I tried the default browser, Dolphin HD, Opera, Skyfire, Firefox, and Maxthon.  None could trigger the event.\n \nI tried pinch, pinchopen, and pinchclose.",
    "LastUpdatedDate": "2017-11-29T09:13:23.847-08:00",
    "PlannedForRelease": "",
    "ReleaseVisibleToPublic": false,
    "Priority": {
      "Name": "Low",
      "Severity": 50,
      "Id": 1
    },
    "ProjectName": "jGestures",
    "ReportedDate": "2012-05-08T02:27:20.83-07:00",
    "Status": {
      "Name": "Proposed",
      "Id": 1
    },
    "ReasonClosed": {
      "Name": "Unassigned"
    },
    "Summary": "test different android browsers, create chart",
    "Type": {
      "Name": "Feature",
      "Id": 1
    },
    "VoteCount": 2,
    "Id": 719
  },
  "FileAttachments": [],
  "Comments": [
    {
      "Message": "Has anyone ever gotten pinchopen or pinchclose working in Android? I've tried multiple phones and browsers over the years with now success. They do with with iOS devices.",
      "PostedDate": "2013-11-17T04:53:03.303-08:00",
      "Id": -2147483648
    },
    {
      "Message": "",
      "PostedDate": "2017-11-29T09:13:23.847-08:00",
      "Id": -2147483648
    }
  ]
}